USE `Team50`;
INSERT INTO user VALUES('georgep',MD5('111111111'),'Approved','George P.','Burdell');
INSERT INTO user VALUES('calcwizard',MD5('222222222'),'Approved','Issac','Newton');
INSERT INTO user VALUES('calcultron',MD5('333333333'),'Approved','Dwight','Schrute');
INSERT INTO user VALUES('calcultron2',MD5('444444444'),'Approved','Jim','Halpert');
INSERT INTO user VALUES('gdanger',MD5('555555555'),'Declined','Gary','Danger');
INSERT INTO user VALUES('imbatman',MD5('666666666'),'Approved','Bruce','Wayne');
INSERT INTO user VALUES('imready',MD5('777777777'),'Approved','Spongebob','Squarepants');
INSERT INTO user VALUES('isthisthekrustykrab',MD5('888888888'),'Approved','Patrick','Star');
INSERT INTO user VALUES('clarinetbeast',MD5('999999999'),'Declined','Squidward','Tentacles');
INSERT INTO user VALUES('texasStarKarate',MD5('111111110'),'Declined','Sandy','Cheeks');
INSERT INTO user VALUES('fullMetal',MD5('111111100'),'Approved','Edward','Elric');
INSERT INTO user VALUES('notFullMetal',MD5('111111100'),'Approved','Alphonse','Elric');
INSERT INTO user VALUES('ilikemoney$$',MD5('111111110'),'Approved','Eugene','Krabs');
INSERT INTO user VALUES('eeqmcsquare',MD5('111111110'),'Approved','Albert','Einstein');
INSERT INTO user VALUES('theScienceGuy',MD5('999999999'),'Approved','Bill','Nye');
INSERT INTO user VALUES('entropyRox',MD5('999999999'),'Approved','Claude','Shannon');
INSERT INTO user VALUES('fatherAI',MD5('222222222'),'Approved','Alan','Turing');
INSERT INTO user VALUES('cool_class4400',MD5('333333333'),'Approved','A. TA','Washere');
INSERT INTO user VALUES('thePiGuy3.14',MD5('1111111111'),'Approved','Archimedes','Syracuse');
INSERT INTO user VALUES('does2Much',MD5('1212121212'),'Approved','Carl','Gauss');
INSERT INTO user VALUES('programerAAL',MD5('3131313131'),'Approved','Ada','Lovelace');
INSERT INTO user VALUES('radioactivePoRa',MD5('1313131313'),'Approved','Marie','Curie');
INSERT INTO user VALUES('DNAhelix',MD5('777777777'),'Approved','Rosalind','Franklin');
INSERT INTO user VALUES('ghcghc',MD5('666666666'),'Approved','Grace','Hopper');
INSERT INTO user VALUES('RitzLover28',MD5('444444444'),'Approved','Abby','Normal');
INSERT INTO user VALUES('smith_j',MD5('333333333'),'Pending','John','Smith');
INSERT INTO user VALUES('manager1',MD5('1122112211'),'Approved','Manager','One');
INSERT INTO user VALUES('manager2',MD5('3131313131'),'Approved','Manager','Two');
INSERT INTO user VALUES('manager3',MD5('8787878787'),'Approved','Three','Three');
INSERT INTO user VALUES('manager4',MD5('5755555555'),'Approved','Four','Four');


INSERT INTO company VALUES('EZ Theater Company');
INSERT INTO company VALUES('4400 Theater Company');
INSERT INTO company VALUES('Awesome Theater Company');
INSERT INTO company VALUES('AI Theater Company');

INSERT INTO customer VALUES('georgep');
INSERT INTO customer VALUES('calcwizard');
INSERT INTO customer VALUES('calcultron');
INSERT INTO customer VALUES('calcultron2');
INSERT INTO customer VALUES('imready');
INSERT INTO customer VALUES('isthisthekrustykrab');
INSERT INTO customer VALUES('clarinetbeast');
INSERT INTO customer VALUES('fullMetal');
INSERT INTO customer VALUES('notFullMetal');
INSERT INTO customer VALUES('ilikemoney$$');
INSERT INTO customer VALUES('eeqmcsquare');
INSERT INTO customer VALUES('theScienceGuy');
INSERT INTO customer VALUES('entropyRox');
INSERT INTO customer VALUES('cool_class4400');
INSERT INTO customer VALUES('thePiGuy3.14');
INSERT INTO customer VALUES('does2Much');
INSERT INTO customer VALUES('programerAAL');
INSERT INTO customer VALUES('DNAhelix');
INSERT INTO customer VALUES('RitzLover28');

INSERT INTO employee VALUES('georgep');
INSERT INTO employee VALUES('calcultron');
INSERT INTO employee VALUES('imbatman');
INSERT INTO employee VALUES('entropyRox');
INSERT INTO employee VALUES('fatherAI');
INSERT INTO employee VALUES('cool_class4400');
INSERT INTO employee VALUES('radioactivePoRa');
INSERT INTO employee VALUES('ghcghc');
INSERT INTO employee VALUES('manager1');
INSERT INTO employee VALUES('manager2');
INSERT INTO employee VALUES('manager3');
INSERT INTO employee VALUES('manager4');

INSERT INTO admin VALUES('cool_class4400');

INSERT INTO manager VALUES('entropyRox','4400 Theater Company','200 Cool Place','San Francisco','CA','94016');
INSERT INTO manager VALUES('fatherAI','EZ Theater Company','456 Main St','New York','NY','10001');
INSERT INTO manager VALUES('georgep','4400 Theater Company','10 Pearl Dr','Seattle','WA','98105');
INSERT INTO manager VALUES('calcultron','EZ Theater Company','123 Peachtree St','Atlanta','GA','30308');
INSERT INTO manager VALUES('imbatman','Awesome Theater Company','800 Color Dr','Austin','TX','78653');
INSERT INTO manager VALUES('ghcghc','AI Theater Company','100 Pi St','Pallet Town','KS','31415');
INSERT INTO manager VALUES('radioactivePoRa','4400 Theater Company','100 Blu St','Sunnyvale','CA','94088');
INSERT INTO manager VALUES('manager1','4400 Theater Company','123 Ferst Drive','Atlanta','GA','30332');
INSERT INTO manager VALUES('manager2','AI Theater Company','456 Ferst Drive','Atlanta','GA','30332');
INSERT INTO manager VALUES('manager3','4400 Theater Company','789 Ferst Drive','Atlanta','GA','30332');
INSERT INTO manager VALUES('manager4','4400 Theater Company','000 Ferst Drive','Atlanta','GA','30332');

INSERT INTO theater VALUES('EZ Theater Company','Main Movies','123 Main St','New York','NY','10001','3','fatherAI');
INSERT INTO theater VALUES('EZ Theater Company','Star Movies','745 GT St','Atlanta','GA','30332','2','calcultron');
INSERT INTO theater VALUES('4400 Theater Company','Cinema Star','100 Cool Place','San Francisco','CA','94016','4','entropyRox');
INSERT INTO theater VALUES('4400 Theater Company','Star Movies','4400 Rocks Ave','Boulder','CA','80301','5','radioactivePoRa');
INSERT INTO theater VALUES('4400 Theater Company','Jonathan\'s Movies','67 Pearl Dr','Seattle','WA','98101','2','georgep');
INSERT INTO theater VALUES('Awesome Theater Company','ABC Theater','880 Color Dr','Austin','TX','73301','5','imbatman');
INSERT INTO theater VALUES('AI Theater Company','ML Movies','314 Pi St','Pallet Town','KS','31415','3','ghcghc');

INSERT INTO movie VALUES('How to Train Your Dragon','2010-03-21', '98');
INSERT INTO movie VALUES('4400 The Movie','2019-08-12', '130');
INSERT INTO movie VALUES('The First Pokemon Movie','1998-07-19', '75');
INSERT INTO movie VALUES('The King\'s Speech','2010-11-26', '119');
INSERT INTO movie VALUES('Avengers: Endgame','2019-04-26', '181');
INSERT INTO movie VALUES('Spaceballs','1987-06-24', '96');
INSERT INTO movie VALUES('Spider-Man: Into the Spider-Verse','2018-12-01', '117');
INSERT INTO movie VALUES('Georgia Tech The Movie','1985-08-13', '100');
INSERT INTO movie VALUES('George P Burdell\'s Life Story','1927-08-12', '100');
INSERT INTO movie VALUES('Calculus Returns: A ML Story','2019-09-19', '314');

INSERT INTO moviePlay VALUES('4400 The Movie','2019-08-12', 'ABC Theater','Awesome Theater Company', '2019-10-12');
INSERT INTO moviePlay VALUES('The First Pokemon Movie','1998-07-19', 'ABC Theater','Awesome Theater Company', '2018-07-19');
INSERT INTO moviePlay VALUES('Georgia Tech The Movie','1985-08-13', 'ABC Theater','Awesome Theater Company', '1985-08-13');
INSERT INTO moviePlay VALUES('How to Train Your Dragon','2010-03-21', 'Cinema Star','4400 Theater Company', '2010-04-02');
INSERT INTO moviePlay VALUES('4400 The Movie','2019-08-12', 'Cinema Star','4400 Theater Company', '2019-09-12');
INSERT INTO moviePlay VALUES('The King\'s Speech','2010-11-26', 'Cinema Star','4400 Theater Company', '2019-12-20');
INSERT INTO moviePlay VALUES('Spaceballs','1987-06-24', 'Cinema Star','4400 Theater Company', '2000-02-02');
INSERT INTO moviePlay VALUES('Georgia Tech The Movie','1985-08-13', 'Cinema Star','4400 Theater Company', '2019-09-30');
INSERT INTO moviePlay VALUES('George P Burdell\'s Life Story','1927-08-12', 'Cinema Star','4400 Theater Company', '2010-05-20');
INSERT INTO moviePlay VALUES('How to Train Your Dragon','2010-03-21', 'Main Movies','EZ Theater Company', '2010-03-22');
INSERT INTO moviePlay VALUES('How to Train Your Dragon','2010-03-21', 'Main Movies','EZ Theater Company', '2010-03-23');
INSERT INTO moviePlay VALUES('Spaceballs','1987-06-24', 'Main Movies','EZ Theater Company', '1999-06-24');
INSERT INTO moviePlay VALUES('George P Burdell\'s Life Story','1927-08-12', 'Main Movies','EZ Theater Company', '2019-10-22');
INSERT INTO moviePlay VALUES('George P Burdell\'s Life Story','1927-08-12', 'Main Movies','EZ Theater Company', '2019-07-14');
INSERT INTO moviePlay VALUES('The King\'s Speech','2010-11-26', 'Main Movies','EZ Theater Company', '2019-12-20');
INSERT INTO moviePlay VALUES('Spaceballs','1987-06-24', 'ML Movies','AI Theater Company', '2010-04-02');
INSERT INTO moviePlay VALUES('Spaceballs','1987-06-24', 'ML Movies','AI Theater Company', '2023-01-23');
INSERT INTO moviePlay VALUES('Calculus Returns: A ML Story','2019-09-19', 'ML Movies','AI Theater Company', '2019-10-10');
INSERT INTO moviePlay VALUES('Calculus Returns: A ML Story','2019-09-19', 'ML Movies','AI Theater Company', '2019-12-30');
INSERT INTO moviePlay VALUES('Spider-Man: Into the Spider-Verse','2018-12-01', 'ML Movies','AI Theater Company', '2019-09-30');
INSERT INTO moviePlay VALUES('How to Train Your Dragon','2010-03-21', 'Star Movies','EZ Theater Company', '2010-03-25');
INSERT INTO moviePlay VALUES('4400 The Movie','2019-08-12', 'Star Movies','EZ Theater Company', '2019-08-12');

INSERT INTO creditCard VALUES('1111111111111111','georgep');
INSERT INTO creditCard VALUES('1111111111111110','georgep');
INSERT INTO creditCard VALUES('1111111111111100','georgep');
INSERT INTO creditCard VALUES('1111111111111000','georgep');
INSERT INTO creditCard VALUES('1111111111110000','georgep');
INSERT INTO creditCard VALUES('1111111111100000','calcwizard');
INSERT INTO creditCard VALUES('1111111111000000','calcultron');
INSERT INTO creditCard VALUES('1111111110000000','calcultron2');
INSERT INTO creditCard VALUES('1111111100000000','calcultron2');
INSERT INTO creditCard VALUES('1111110000000000','imready');
INSERT INTO creditCard VALUES('1111100000000000','isthisthekrustykrab');
INSERT INTO creditCard VALUES('1111000000000000','isthisthekrustykrab');
INSERT INTO creditCard VALUES('1110000000000000','isthisthekrustykrab');
INSERT INTO creditCard VALUES('1100000000000000','fullMetal');
INSERT INTO creditCard VALUES('1000000000000000','notFullMetal');
INSERT INTO creditCard VALUES('9000000000000000','ilikemoney$$');
INSERT INTO creditCard VALUES('2222222222222222','ilikemoney$$');
INSERT INTO creditCard VALUES('2222222222222220','ilikemoney$$');
INSERT INTO creditCard VALUES('2222222222222200','eeqmcsquare');
INSERT INTO creditCard VALUES('2222222222222000','theScienceGuy');
INSERT INTO creditCard VALUES('2222222222220000','entropyRox');
INSERT INTO creditCard VALUES('2222222222200000','entropyRox');
INSERT INTO creditCard VALUES('2222222222000000','cool_class4400');
INSERT INTO creditCard VALUES('2222222220000000','thePiGuy3.14');
INSERT INTO creditCard VALUES('2222222200000000','does2Much');
INSERT INTO creditCard VALUES('2222222000000000','programerAAL');
INSERT INTO creditCard VALUES('2220000000000000','DNAhelix');
INSERT INTO creditCard VALUES('3333333333333300','RitzLover28');

INSERT INTO ccTransaction VALUES('1111111111111111','How to Train Your Dragon', '2010-03-21','Cinema Star', '4400 Theater Company','2010-04-02');
INSERT INTO ccTransaction VALUES('1111111111111111','How to Train Your Dragon', '2010-03-21','Main Movies', 'EZ Theater Company','2010-03-22');
INSERT INTO ccTransaction VALUES('1111111111111111','How to Train Your Dragon', '2010-03-21','Main Movies', 'EZ Theater Company','2010-03-23');
INSERT INTO ccTransaction VALUES('1111111111111100','How to Train Your Dragon', '2010-03-21','Star Movies', 'EZ Theater Company','2010-03-25');

INSERT INTO visit VALUES(null,'georgep', 'Main Movies','EZ Theater Company', '2010-03-22');
INSERT INTO visit VALUES(null,'calcwizard', 'Main Movies','EZ Theater Company', '2010-03-22');
INSERT INTO visit VALUES(null,'calcwizard', 'Star Movies','EZ Theater Company', '2010-03-25');
INSERT INTO visit VALUES(null,'imready', 'Star Movies','EZ Theater Company', '2010-03-25');
INSERT INTO visit VALUES(null,'calcwizard', 'ML Movies','AI Theater Company', '2010-03-20');


